,Movie ID Remake,Remake Title,Remake Year,Type Remake,Movie ID Original,Original Title,Original Year,Type Original
0,13-2010,13,2010,Remake,13 Tzameti-2005,13 Tzameti,2005,Original
1,The 13th Letter-1951,The 13th Letter,1951,Remake,Le Corbeau-1943,Le Corbeau,1943,Original
2,101 Dalmatians-1996,101 Dalmatians,1996,Remake,One Hundred and One Dalmatians-1961,One Hundred and One Dalmatians,1961,Original
3,2001 Maniacs-2005,2001 Maniacs,2005,Remake,Two Thousand Maniacs!-1964,Two Thousand Maniacs!,1964,Original
4,Tokyo Godfathers-2003,Tokyo Godfathers,2003,Remake,The Three Godfathers-1916,The Three Godfathers,1916,Original
5,3 Idiotas-2017,3 Idiotas,2017,Remake,3 Idiots-2009,3 Idiots,2009,Original
6,3:10 to Yuma-2007,3:10 to Yuma,2007,Remake,3:10 to Yuma-1957,3:10 to Yuma,1957,Original
7,Nineteen Eighty-Four-1984,Nineteen Eighty-Four,1984,Remake,1984-1953,1984,1953,Original
8,A Southern Yankee-1948,A Southern Yankee,1948,Remake,The General-1926,The General,1926,Original
9,Abbott and Costello in Hollywood-1945,Abbott and Costello in Hollywood,1945,Remake,Free and Easy-1930,Free and Easy,1930,Original
10,Adventures in Babysitting-2016,Adventures in Babysitting,2016,Remake,Adventures in Babysitting-1987,Adventures in Babysitting,1987,Original
11,An Affair to Remember-1957,An Affair to Remember,1957,Remake,Love Affair-1939,Love Affair,1939,Original
12,Against All Odds-1984,Against All Odds,1984,Remake,Out of the Past-1947,Out of the Past,1947,Original
13,Airplane!-1980,Airplane!,1980,Remake,Zero Hour!-1957,Zero Hour!,1957,Original
14,Aladdin-2019,Aladdin,2019,Remake,Aladdin-1992,Aladdin,1992,Original
15,Alfie-2004,Alfie,2004,Remake,Alfie-1966,Alfie,1966,Original
16,Algiers-1938,Algiers,1938,Remake,Pépé le Moko-1937,Pépé le Moko,1937,Original
17,All Quiet on the Western Front-1979,All Quiet on the Western Front,1979,Remake,All Quiet on the Western Front-1930,All Quiet on the Western Front,1930,Original
18,Always-1989,Always,1989,Remake,A Guy Named Joe-1943,A Guy Named Joe,1943,Original
19,The Amityville Horror-2005,The Amityville Horror,2005,Remake,The Amityville Horror-1979,The Amityville Horror,1979,Original
20,Anna Karenina-2012,Anna Karenina,2012,Remake,Love-1927,Love,1927,Original
21,And God Created Woman-1988,And God Created Woman,1988,Remake,Et Dieu... créa la femme-1956,Et Dieu... créa la femme,1956,Original
22,And Soon the Darkness-2010,And Soon the Darkness,2010,Remake,And Soon the Darkness-1970,And Soon the Darkness,1970,Original
23,Angels in the Outfield-1994,Angels in the Outfield,1994,Remake,Angels in the Outfield-1951,Angels in the Outfield,1951,Original
24,Angel on My Shoulder-1980,Angel on My Shoulder,1980,Remake,Angel on My Shoulder-1946,Angel on My Shoulder,1946,Original
25,Annie-2014,Annie,2014,Remake,Annie-1982,Annie,1982,Original
26,Annavaram-2006,Annavaram,2006,Remake,Thirupaachi-2005,Thirupaachi,2005,Original
27,Anthropophagous 2000-1999,Anthropophagous 2000,1999,Remake,Antropophagus-1980,Antropophagus,1980,Original
28,Applause-1973,Applause,1973,Remake,All About Eve-1950,All About Eve,1950,Original
29,April Fool's Day-2008,April Fool's Day,2008,Remake,April Fool's Day-1986,April Fool's Day,1986,Original
30,Around the World in 80 Days-2004,Around the World in 80 Days,2004,Remake,Around the World in Eighty Days-1919,Around the World in Eighty Days,1919,Original
31,The Arena-2001,The Arena,2001,Remake,The Arena-1974,The Arena,1974,Original
32,Arthur-2011,Arthur,2011,Remake,Arthur-1981,Arthur,1981,Original
33,Assault on Precinct 13-2005,Assault on Precinct 13,2005,Remake,Assault on Precinct 13-1976,Assault on Precinct 13,1976,Original
34,Attack of the 50 Ft. Woman-1993,Attack of the 50 Ft. Woman,1993,Remake,Attack of the 50 Foot Woman-1958,Attack of the 50 Foot Woman,1958,Original
35,Babes in Toyland-1997,Babes in Toyland,1997,Remake,Babes in Toyland-1934,Babes in Toyland,1934,Original
36,The Bachelor-1999,The Bachelor,1999,Remake,Seven Chances-1925,Seven Chances,1925,Original
37,Back Street-1961,Back Street,1961,Remake,Back Street-1932,Back Street,1932,Original
38,Bad News Bears-2005,Bad News Bears,2005,Remake,The Bad News Bears-1976,The Bad News Bears,1976,Original
39,The Ballad of Narayama-1983,The Ballad of Narayama,1983,Remake,The Ballad of Narayama-1958,The Ballad of Narayama,1958,Original
40,The Bad Seed-2018,The Bad Seed,2018,Remake,The Bad Seed-1956,The Bad Seed,1956,Original
41,Bangkok Dangerous-2008,Bangkok Dangerous,2008,Remake,Bangkok Dangerous-1999,Bangkok Dangerous,1999,Original
42,Barb Wire-1996,Barb Wire,1996,Remake,Casablanca-1942,Casablanca,1942,Original
43,The Battle of the Sexes-1928,The Battle of the Sexes,1928,Remake,The Battle of the Sexes-1914,The Battle of the Sexes,1914,Original
44,The Magnificent Seven-2016,The Magnificent Seven,2016,Remake,Seven Samurai-1954,Seven Samurai,1954,Original
45,The Beat that My Heart Skipped-2005,The Beat that My Heart Skipped,2005,Remake,Fingers-1978,Fingers,1978,Original
46,The Last Remake of Beau Geste-1977,The Last Remake of Beau Geste,1977,Remake,Beau Geste-1926,Beau Geste,1926,Original
47,Beauty and the Beast-2017,Beauty and the Beast,2017,Remake,Beauty and the Beast-1991,Beauty and the Beast,1991,Original
48,Bedazzled-2000,Bedazzled,2000,Remake,Bedazzled-1967,Bedazzled,1967,Original
49,The Beguiled-2017,The Beguiled,2017,Remake,The Beguiled-1971,The Beguiled,1971,Original
50,Being Julia-2004,Being Julia,2004,Remake,Adorable Julia-1964,Adorable Julia,1964,Original
51,Ben-Hur-2016,Ben-Hur,2016,Remake,Ben-Hur-1925,Ben-Hur,1925,Original
52,Beongeoli Sam-ryong-1964,Beongeoli Sam-ryong,1964,Remake,Beongeoli Sam-ryong-1929,Beongeoli Sam-ryong,1929,Original
53,Between Us Girls-1942,Between Us Girls,1942,Remake,A Precocious Girl-1934,A Precocious Girl,1934,Original
54,Beyond a Reasonable Doubt-2009,Beyond a Reasonable Doubt,2009,Remake,Beyond a Reasonable Doubt-1956,Beyond a Reasonable Doubt,1956,Original
55,The Big Show-1961,The Big Show,1961,Remake,House of Strangers-1949,House of Strangers,1949,Original
56,The Big Sleep-1978,The Big Sleep,1978,Remake,The Big Sleep-1946,The Big Sleep,1946,Original
57,The Birdcage-1996,The Birdcage,1996,Remake,La Cage aux Folles-1978,La Cage aux Folles,1978,Original
58,Billy Jack Goes to Washington-1977,Billy Jack Goes to Washington,1977,Remake,Washington Merry-Go-Round-1932,Washington Merry-Go-Round,1932,Original
59,Black Caesar-1973,Black Caesar,1973,Remake,Little Caesar-1931,Little Caesar,1931,Original
60,Black Christmas-2019,Black Christmas,2019,Remake,Black Christmas-1974,Black Christmas,1974,Original
61,Blame it on Rio-1984,Blame it on Rio,1984,Remake,Un moment d'egarement-1977,Un moment d'egarement,1977,Original
62,The Blob-1988,The Blob,1988,Remake,The Blob-1958,The Blob,1958,Original
63,Blood Diner-1987,Blood Diner,1987,Remake,Blood Feast-1963,Blood Feast,1963,Original
64,The Blue Angel-1959,The Blue Angel,1959,Remake,The Blue Angel-1930,The Blue Angel,1930,Original
65,The Blue Bird-1976,The Blue Bird,1976,Remake,The Blue Bird-1918,The Blue Bird,1918,Original
66,Born Yesterday-1993,Born Yesterday,1993,Remake,Born Yesterday-1950,Born Yesterday,1950,Original
67,Boudu-2005,Boudu,2005,Remake,Boudu Saved from Drowning-1932,Boudu Saved from Drowning,1932,Original
68,The Bounty-1984,The Bounty,1984,Remake,In the Wake of the Bounty-1933,In the Wake of the Bounty,1933,Original
69,The Brasher Doubloon-1947,The Brasher Doubloon,1947,Remake,Time to Kill-1942,Time to Kill,1942,Original
70,Breathless-1983,Breathless,1983,Remake,Breathless-1960,Breathless,1960,Original
71,Brewster's Millions-1985,Brewster's Millions,1985,Remake,Brewster's Millions-1914,Brewster's Millions,1914,Original
72,Bride Wars-2015,Bride Wars,2015,Remake,Bride Wars-2009,Bride Wars,2009,Original
73,Brian's Song-2001,Brian's Song,2001,Remake,Brian's Song-1971,Brian's Song,1971,Original
74,Broken Blossoms-1936,Broken Blossoms,1936,Remake,Broken Blossoms-1919,Broken Blossoms,1919,Original
75,Brothers-2009,Brothers,2009,Remake,Brødre-2004,Brødre,2004,Original
76,The Browning Version-1994,The Browning Version,1994,Remake,The Browning Version-1951,The Browning Version,1951,Original
77,A Bucket of Blood-1995,A Bucket of Blood,1995,Remake,A Bucket of Blood-1959,A Bucket of Blood,1959,Original
78,Buddy Buddy-1981,Buddy Buddy,1981,Remake,L'Emmerdeur-1973,L'Emmerdeur,1973,Original
79,The Buccaneer-1958,The Buccaneer,1958,Remake,The Buccaneer-1938,The Buccaneer,1938,Original
80,The Burmese Harp-1985,The Burmese Harp,1985,Remake,The Burmese Harp-1956,The Burmese Harp,1956,Original
81,Cabin Fever-2016,Cabin Fever,2016,Remake,Cabin Fever-2002,Cabin Fever,2002,Original
82,The Cabinet of Dr. Caligari-2005,The Cabinet of Dr. Caligari,2005,Remake,The Cabinet of Dr. Caligari-1920,The Cabinet of Dr. Caligari,1920,Original
83,Calling Philo Vance-1940,Calling Philo Vance,1940,Remake,The Kennel Murder Case-1933,The Kennel Murder Case,1933,Original
84,Call of the Wild-2020,Call of the Wild,2020,Remake,The Call of the Wild-1923,The Call of the Wild,1923,Original
85,Cape Fear-1991,Cape Fear,1991,Remake,Cape Fear-1962,Cape Fear,1962,Original
86,The Captain-1971,The Captain,1971,Remake,The Captain's Table-1959,The Captain's Table,1959,Original
87,Carnival of Souls-1998,Carnival of Souls,1998,Remake,Carnival of Souls-1962,Carnival of Souls,1962,Original
88,Carrie-2013,Carrie,2013,Remake,Carrie-1976,Carrie,1976,Original
89,Casino Royale-2006,Casino Royale,2006,Remake,Casino Royale-1954,Casino Royale,1954,Original
90,The Cat and the Canary-1979,The Cat and the Canary,1979,Remake,The Cat and the Canary-1927,The Cat and the Canary,1927,Original
91,Cat People-1982,Cat People,1982,Remake,Cat People-1942,Cat People,1942,Original
92,Carousel-1956,Carousel,1956,Remake,Liliom-1930,Liliom,1930,Original
93,The Champ-1979,The Champ,1979,Remake,The Champ-1931,The Champ,1931,Original
94,Cheaper by the Dozen-2003,Cheaper by the Dozen,2003,Remake,Cheaper by the Dozen-1950,Cheaper by the Dozen,1950,Original
95,Chicago-2002,Chicago,2002,Remake,Chicago-1927,Chicago,1927,Original
96,Child's Play-2019,Child's Play,2019,Remake,Child's Play-1988,Child's Play,1988,Original
97,The Children's Hour-1961,The Children's Hour,1961,Remake,These Three-1936,These Three,1936,Original
98,Chloe-2009,Chloe,2009,Remake,Nathalie...-2004,Nathalie...,2004,Original
99,A Christmas Carol-2009,A Christmas Carol,2009,Remake,"Scrooge, or, Marley's Ghost-1901","Scrooge, or, Marley's Ghost",1901,Original
100,Christmas in Connecticut-1992,Christmas in Connecticut,1992,Remake,Christmas in Connecticut-1945,Christmas in Connecticut,1945,Original
101,Cinderella-2015,Cinderella,2015,Remake,Cinderella-1950,Cinderella,1950,Original
102,City of Angels-1998,City of Angels,1998,Remake,Der Himmel über Berlin or Wings of Desire-1987,Der Himmel über Berlin or Wings of Desire,1987,Original
103,Clash of the Titans-2010,Clash of the Titans,2010,Remake,Clash of the Titans-1981,Clash of the Titans,1981,Original
104,Classmates-2007,Classmates,2007,Remake,Classmates-2006,Classmates,2006,Original
105,Cloak & Dagger-1984,Cloak & Dagger,1984,Remake,The Window-1949,The Window,1949,Original
106,The Computer Wore Tennis Shoes-1995,The Computer Wore Tennis Shoes,1995,Remake,The Computer Wore Tennis Shoes-1969,The Computer Wore Tennis Shoes,1969,Original
107,Cousins-1989,Cousins,1989,Remake,"Cousin, cousine-1975","Cousin, cousine",1975,Original
108,Conan the Barbarian-2011,Conan the Barbarian,2011,Remake,Conan the Barbarian-1982,Conan the Barbarian,1982,Original
109,The Count of Monte Cristo-2002,The Count of Monte Cristo,2002,Remake,Monte Cristo-1922,Monte Cristo,1922,Original
110,Crackers-1984,Crackers,1984,Remake,Big Deal on Madonna Street-1958,Big Deal on Madonna Street,1958,Original
111,The Crazies-2010,The Crazies,2010,Remake,The Crazies-1973,The Crazies,1973,Original
112,Crime School-1938,Crime School,1938,Remake,The Mayor of Hell-1933,The Mayor of Hell,1933,Original
113,Criminal-2004,Criminal,2004,Remake,Nueve reinas-2000,Nueve reinas,2000,Original
114,D.O.A.-1988,D.O.A.,1988,Remake,D.O.A.-1950,D.O.A.,1950,Original
115,Dark Victory-1976,Dark Victory,1976,Remake,Dark Victory-1939,Dark Victory,1939,Original
116,Dark Water-2005,Dark Water,2005,Remake,Dark Water-2002,Dark Water,2002,Original
117,David Copperfield-2000,David Copperfield,2000,Remake,David Copperfield-1935,David Copperfield,1935,Original
118,Dawn of the Dead-2004,Dawn of the Dead,2004,Remake,Dawn of the Dead-1978,Dawn of the Dead,1978,Original
119,The Dawn Patrol-1938,The Dawn Patrol,1938,Remake,The Dawn Patrol-1930,The Dawn Patrol,1930,Original
120,Day of the Dead-2008,Day of the Dead,2008,Remake,Day of the Dead-1985,Day of the Dead,1985,Original
121,The Day the Earth Stood Still-2008,The Day the Earth Stood Still,2008,Remake,The Day the Earth Stood Still-1951,The Day the Earth Stood Still,1951,Original
122,Death Drums Along the River-1963,Death Drums Along the River,1963,Remake,Sanders of the River-1935,Sanders of the River,1935,Original
123,Dead of Winter-1987,Dead of Winter,1987,Remake,My Name Is Julia Ross-1945,My Name Is Julia Ross,1945,Original
124,Death at a Funeral-2010,Death at a Funeral,2010,Remake,Death at a Funeral-2007,Death at a Funeral,2007,Original
125,Death Race-2008,Death Race,2008,Remake,Death Race 2000-1975,Death Race 2000,1975,Original
126,Death Wish-2018,Death Wish,2018,Remake,Death Wish-1974,Death Wish,1974,Original
127,The Debt-2011,The Debt,2011,Remake,The Debt-2007,The Debt,2007,Original
128,The Defiant Ones-1986,The Defiant Ones,1986,Remake,The Defiant Ones-1958,The Defiant Ones,1958,Original
129,The Departed-2006,The Departed,2006,Remake,Infernal Affairs-2002,Infernal Affairs,2002,Original
130,Desire-1936,Desire,1936,Remake,Happy Days in Aranjuez-1933,Happy Days in Aranjuez,1933,Original
131,Desperate Hours-1990,Desperate Hours,1990,Remake,The Desperate Hours-1955,The Desperate Hours,1955,Original
132,Destry-1954,Destry,1954,Remake,Destry Rides Again-1932,Destry Rides Again,1932,Original
133,Le Deuxième Souffle-2007,Le Deuxième Souffle,2007,Remake,Le Deuxième Souffle-1966,Le Deuxième Souffle,1966,Original
134,Diabolique-1996,Diabolique,1996,Remake,Les Diaboliques-1955,Les Diaboliques,1955,Original
135,Diamond Horseshoe-1945,Diamond Horseshoe,1945,Remake,The Barker-1928,The Barker,1928,Original
136,Dirty Rotten Scoundrels-1988,Dirty Rotten Scoundrels,1988,Remake,Bedtime Story-1964,Bedtime Story,1964,Original
137,Dr. Jekyll and Mr. Hyde-1941,Dr. Jekyll and Mr. Hyde,1941,Remake,Dr. Jekyll and Mr. Hyde-1931,Dr. Jekyll and Mr. Hyde,1931,Original
138,Dr. M-1990,Dr. M,1990,Remake,Dr. Mabuse the Gambler-1922,Dr. Mabuse the Gambler,1922,Original
139,Drums of Fu Manchu-1940,Drums of Fu Manchu,1940,Remake,The Mask of Fu Manchu-1932,The Mask of Fu Manchu,1932,Original
140,Billa-2009,Billa,2009,Remake,Don-1978,Don,1978,Original
141,A Dog of Flanders-1999,A Dog of Flanders,1999,Remake,A Dog of Flanders-1959,A Dog of Flanders,1959,Original
142,Don Quixote-2000,Don Quixote,2000,Remake,Don Quixote-1933,Don Quixote,1933,Original
143,Dorian Gray-2009,Dorian Gray,2009,Remake,The Picture of Dorian Gray-1945,The Picture of Dorian Gray,1945,Original
144,Down-2001,Down,2001,Remake,De Lift-1983,De Lift,1983,Original
145,Down and Out in Beverly Hills-1986,Down and Out in Beverly Hills,1986,Remake,Boudu sauvé des eaux-1932,Boudu sauvé des eaux,1932,Original
146,Down to Earth-2001,Down to Earth,2001,Remake,Here Comes Mr. Jordan-1941,Here Comes Mr. Jordan,1941,Original
147,Dracula-2006,Dracula,2006,Remake,Dracula-1931,Dracula,1931,Original
148,Dulcy-1940,Dulcy,1940,Remake,Not So Dumb-1930,Not So Dumb,1930,Original
149,Dumbo-2019,Dumbo,2019,Remake,Dumbo-1941,Dumbo,1941,Original
150,East of Eden-1981,East of Eden,1981,Remake,East of Eden-1955,East of Eden,1955,Original
151,Easy Virtue-2008,Easy Virtue,2008,Remake,Easy Virtue-1928,Easy Virtue,1928,Original
152,The Echo-2008,The Echo,2008,Remake,Sigaw-2004,Sigaw,2004,Original
153,EDtv-1999,EDtv,1999,Remake,"Louis 19, King of the Airwaves-Louis 19, le roi des ondes","Louis 19, King of the Airwaves","Louis 19, le roi des ondes",Original
154,Ellam Avan Seyal-2008,Ellam Avan Seyal,2008,Remake,Chinthamani Kolacase-2006,Chinthamani Kolacase,2006,Original
155,Endless Love-2014,Endless Love,2014,Remake,Endless Love-1981,Endless Love,1981,Original
156,Escapade-1935,Escapade,1935,Remake,Maskerade-1934,Maskerade,1934,Original
157,Evil Dead-2013,Evil Dead,2013,Remake,The Evil Dead-1981,The Evil Dead,1981,Original
158,The Eye-2008,The Eye,2008,Remake,The Eye-2002,The Eye,2002,Original
159,Excursion to the Moon-1908,Excursion to the Moon,1908,Remake,A Trip to the Moon-1902,A Trip to the Moon,1902,Original
160,Exodus: Gods and Kings-2014,Exodus: Gods and Kings,2014,Remake,The Ten Commandments-1923,The Ten Commandments,1923,Original
161,The Experiment-2010,The Experiment,2010,Remake,Das Experiment-2001,Das Experiment,2001,Original
162,Fame-2009,Fame,2009,Remake,Fame-1980,Fame,1980,Original
163,"Farewell, My Lovely-1975","Farewell, My Lovely",1975,Remake,The Falcon Takes Over-1942,The Falcon Takes Over,1942,Original
164,The Farmer Takes a Wife-1953,The Farmer Takes a Wife,1953,Remake,The Farmer Takes a Wife-1935,The Farmer Takes a Wife,1935,Original
165,The Farmer's Wife-1941,The Farmer's Wife,1941,Remake,The Farmer's Wife-1928,The Farmer's Wife,1928,Original
166,Fatal Attraction-1987,Fatal Attraction,1987,Remake,Diversion-1980,Diversion,1980,Original
167,Father of the Bride-1991,Father of the Bride,1991,Remake,Father of the Bride-1950,Father of the Bride,1950,Original
168,Father of the Bride Part II-1995,Father of the Bride Part II,1995,Remake,Father's Little Dividend-1951,Father's Little Dividend,1951,Original
169,Fathers' Day-1997,Fathers' Day,1997,Remake,Les Compères-1983,Les Compères,1983,Original
170,Fancy Pants-1950,Fancy Pants,1950,Remake,Ruggles of Red Gap-1935,Ruggles of Red Gap,1935,Original
171,FC Venus-2006,FC Venus,2006,Remake,FC Venus-2005,FC Venus,2005,Original
172,The Fiend Who Walked the West-1958,The Fiend Who Walked the West,1958,Remake,Kiss of Death-1947,Kiss of Death,1947,Original
173,The Firm-2009,The Firm,2009,Remake,The Firm-1988,The Firm,1988,Original
174,A Fistful of Dollars/Per un pugno di dollari-1964,A Fistful of Dollars/Per un pugno di dollari,1964,Remake,Yojimbo-1961,Yojimbo,1961,Original
175,Back from Eternity-1956,Back from Eternity,1956,Remake,Five Came Back-1939,Five Came Back,1939,Original
176,Flatliners-2017,Flatliners,2017,Remake,Flatliners-1990,Flatliners,1990,Original
177,Fled-1996,Fled,1996,Remake,The Defiant Ones-1958,The Defiant Ones,1958,Original
178,Flight of the Phoenix-2004,Flight of the Phoenix,2004,Remake,The Flight of the Phoenix-1965,The Flight of the Phoenix,1965,Original
179,Flipper-1996,Flipper,1996,Remake,Flipper-1963,Flipper,1963,Original
180,Floating Weeds-1959,Floating Weeds,1959,Remake,A Story of Floating Weeds-1934,A Story of Floating Weeds,1934,Original
181,Flubber-1997,Flubber,1997,Remake,The Absent-Minded Professor-1961,The Absent-Minded Professor,1961,Original
182,The Fly-1986,The Fly,1986,Remake,The Fly-1958,The Fly,1958,Original
183,The Fog-2005,The Fog,2005,Remake,The Fog-1980,The Fog,1980,Original
184,Footloose-2011,Footloose,2011,Remake,Footloose-1984,Footloose,1984,Original
185,Forbidden Fruit-1921,Forbidden Fruit,1921,Remake,The Golden Chance-1915,The Golden Chance,1915,Original
186,Fortunes of Captain Blood-1950,Fortunes of Captain Blood,1950,Remake,Captain Blood-1924,Captain Blood,1924,Original
187,Freaky Friday-2018,Freaky Friday,2018,Remake,Freaky Friday-1976,Freaky Friday,1976,Original
188,Frenchman's Creek-1998,Frenchman's Creek,1998,Remake,Frenchman's Creek-1944,Frenchman's Creek,1944,Original
189,Friday the 13th-2009,Friday the 13th,2009,Remake,Friday the 13th-1980,Friday the 13th,1980,Original
190,Fright Night-2011,Fright Night,2011,Remake,Fright Night-1985,Fright Night,1985,Original
191,The Front Page-1974,The Front Page,1974,Remake,The Front Page-1931,The Front Page,1931,Original
192,Fun with Dick and Jane-2005,Fun with Dick and Jane,2005,Remake,Fun with Dick and Jane-1977,Fun with Dick and Jane,1977,Original
193,Funny Games-2008,Funny Games,2008,Remake,Funny Games-1997,Funny Games,1997,Original
194,Gaby-1956,Gaby,1956,Remake,Waterloo Bridge-1931,Waterloo Bridge,1931,Original
195,Gambit-2012,Gambit,2012,Remake,Gambit-1966,Gambit,1966,Original
196,The Gambler-2014,The Gambler,2014,Remake,The Gambler-1974,The Gambler,1974,Original
197,Gaslight-1944,Gaslight,1944,Remake,Gaslight-1940,Gaslight,1940,Original
198,Get Carter-2000,Get Carter,2000,Remake,Get Carter-1971,Get Carter,1971,Original
199,The Getaway-1994,The Getaway,1994,Remake,The Getaway-1972,The Getaway,1972,Original
200,Geronimo-1939,Geronimo,1939,Remake,The Lives of a Bengal Lancer-1935,The Lives of a Bengal Lancer,1935,Original
201,Gharshana-2004,Gharshana,2004,Remake,Kaakha Kaakha-2003,Kaakha Kaakha,2003,Original
202,Ghostbusters-2016,Ghostbusters,2016,Remake,Ghostbusters-1984,Ghostbusters,1984,Original
203,Ghost Theater-2015,Ghost Theater,2015,Remake,Don't Look Up-1996,Don't Look Up,1996,Original
204,Gloria-1999,Gloria,1999,Remake,Gloria-1980,Gloria,1980,Original
205,Godzilla-1998,Godzilla,1998,Remake,Gojira-1954,Gojira,1954,Original
206,Going in Style-2017,Going in Style,2017,Remake,Going in Style-1979,Going in Style,1979,Original
207,Gone in 60 Seconds-2000,Gone in 60 Seconds,2000,Remake,Gone in 60 Seconds-1974,Gone in 60 Seconds,1974,Original
208,The Good Companions-1957,The Good Companions,1957,Remake,The Good Companions-1933,The Good Companions,1933,Original
209,Good Morning-1959,Good Morning,1959,Remake,"I Was Born, But...-1932","I Was Born, But...",1932,Original
210,The Goodbye Girl-2004,The Goodbye Girl,2004,Remake,The Goodbye Girl-1977,The Goodbye Girl,1977,Original
211,"Goodbye, Mr. Chips-1969","Goodbye, Mr. Chips",1969,Remake,"Goodbye, Mr. Chips-1939","Goodbye, Mr. Chips",1939,Original
212,The Great Gatsby-2013,The Great Gatsby,2013,Remake,The Great Gatsby-1926,The Great Gatsby,1926,Original
213,Great Expectations-2012,Great Expectations,2012,Remake,Great Expectations-1917,Great Expectations,1917,Original
214,The Great Waltz-1972,The Great Waltz,1972,Remake,Waltzes from Vienna-1934,Waltzes from Vienna,1934,Original
215,The Gun Runners-1958,The Gun Runners,1958,Remake,To Have and Have Not-1944,To Have and Have Not,1944,Original
216,Guess Who-2005,Guess Who,2005,Remake,Guess Who's Coming to Dinner-1967,Guess Who's Coming to Dinner,1967,Original
217,Gulliver's Travels-2010,Gulliver's Travels,2010,Remake,Gulliver's Travels-1939,Gulliver's Travels,1939,Original
218,Halloween-2007,Halloween,2007,Remake,Halloween-1978,Halloween,1978,Original
219,The Hand-1981,The Hand,1981,Remake,The Beast with Five Fingers-1946,The Beast with Five Fingers,1946,Original
220,The Hands of Orlac-1960,The Hands of Orlac,1960,Remake,The Hands of Orlac-1924,The Hands of Orlac,1924,Original
221,Happy New Year-1987,Happy New Year,1987,Remake,La bonne année-1973,La bonne année,1973,Original
222,Hara-Kiri: Death of a Samurai-2011,Hara-Kiri: Death of a Samurai,2011,Remake,Harakiri-1962,Harakiri,1962,Original
223,Harriet Craig-1950,Harriet Craig,1950,Remake,Craig's Wife-1936,Craig's Wife,1936,Original
224,The Hasty Heart-1983,The Hasty Heart,1983,Remake,The Hasty Heart-1949,The Hasty Heart,1949,Original
225,The Haunting-1999,The Haunting,1999,Remake,The Haunting-1963,The Haunting,1963,Original
226,Head Above Water-1996,Head Above Water,1996,Remake,Hodet over vannet-1993,Hodet over vannet,1993,Original
227,The Heartbreak Kid-2007,The Heartbreak Kid,2007,Remake,The Heartbreak Kid-1972,The Heartbreak Kid,1972,Original
228,Heart of Darkness-1993,Heart of Darkness,1993,Remake,Heart of Darkness-1958,Heart of Darkness,1958,Original
229,Heat-1995,Heat,1995,Remake,L.A. Takedown-1989,L.A. Takedown,1989,Original
230,High Noon-2000,High Noon,2000,Remake,High Noon-1952,High Noon,1952,Original
231,High Society-1956,High Society,1956,Remake,The Philadelphia Story-1940,The Philadelphia Story,1940,Original
232,The Hills Have Eyes-2006,The Hills Have Eyes,2006,Remake,The Hills Have Eyes-1977,The Hills Have Eyes,1977,Original
233,The Hitcher-2007,The Hitcher,2007,Remake,The Hitcher-1986,The Hitcher,1986,Original
234,Holiday-1938,Holiday,1938,Remake,Holiday-1930,Holiday,1930,Original
235,Homeward Bound: The Incredible Journey-1993,Homeward Bound: The Incredible Journey,1993,Remake,The Incredible Journey-1963,The Incredible Journey,1963,Original
236,The Horn Blows at Midnight-1953,The Horn Blows at Midnight,1953,Remake,The Horn Blows at Midnight-1945,The Horn Blows at Midnight,1945,Original
237,The Hound of the Baskervilles-2002,The Hound of the Baskervilles,2002,Remake,The Hound of the Baskervilles-1937,The Hound of the Baskervilles,1937,Original
238,House of Wax-2005,House of Wax,2005,Remake,Mystery of the Wax Museum-1933,Mystery of the Wax Museum,1933,Original
239,House on Haunted Hill-1999,House on Haunted Hill,1999,Remake,House on Haunted Hill-1959,House on Haunted Hill,1959,Original
240,How to Make a Monster-2001,How to Make a Monster,2001,Remake,How to Make a Monster-1958,How to Make a Monster,1958,Original
241,The Adventures of Huck Finn-1993,The Adventures of Huck Finn,1993,Remake,Huckleberry Finn-1920,Huckleberry Finn,1920,Original
242,The Hunchback-1997,The Hunchback,1997,Remake,The Hunchback of Notre Dame-1923,The Hunchback of Notre Dame,1923,Original
243,Hurricane-1979,Hurricane,1979,Remake,The Hurricane-1937,The Hurricane,1937,Original
244,I Am Legend-2007,I Am Legend,2007,Remake,The Last Man on Earth-1964,The Last Man on Earth,1964,Original
245,I Died a Thousand Times-1955,I Died a Thousand Times,1955,Remake,High Sierra-1941,High Sierra,1941,Original
246,I Married a Monster-1998,I Married a Monster,1998,Remake,I Married a Monster from Outer Space-1958,I Married a Monster from Outer Space,1958,Original
247,The Informer-1935,The Informer,1935,Remake,The Informer-1929,The Informer,1929,Original
248,Inherit the Wind-1999,Inherit the Wind,1999,Remake,Inherit the Wind-1960,Inherit the Wind,1960,Original
249,I Saw What You Did-1988,I Saw What You Did,1988,Remake,I Saw What You Did-1965,I Saw What You Did,1965,Original
250,I Spit on Your Grave-2010,I Spit on Your Grave,2010,Remake,I Spit on Your Grave-1978,I Spit on Your Grave,1978,Original
251,I Want to Live!-1983,I Want to Live!,1983,Remake,I Want to Live!-1958,I Want to Live!,1958,Original
252,Ice Castles-2010,Ice Castles,2010,Remake,Ice Castles-1978,Ice Castles,1978,Original
253,Ihr erstes Rendezvous-1955,Ihr erstes Rendezvous,1955,Remake,Premier rendez-vous-1941,Premier rendez-vous,1941,Original
254,Imitation of Life-1959,Imitation of Life,1959,Remake,Imitation of Life-1934,Imitation of Life,1934,Original
255,L'impiegata di papà-1934,L'impiegata di papà,1934,Remake,Homecoming to Happiness-1933,Homecoming to Happiness,1933,Original
256,In Search for Captain Grant-1986,In Search for Captain Grant,1986,Remake,The Children of Captain Grant-1936,The Children of Captain Grant,1936,Original
257,Indiscretion of an American Wife-1998,Indiscretion of an American Wife,1998,Remake,Indiscretion of an American Wife-1953,Indiscretion of an American Wife,1953,Original
258,The Initiation of Sarah-2006,The Initiation of Sarah,2006,Remake,The Initiation of Sarah-1978,The Initiation of Sarah,1978,Original
259,The In-Laws-2003,The In-Laws,2003,Remake,The In-Laws-1979,The In-Laws,1979,Original
260,Insomnia-2002,Insomnia,2002,Remake,Insomnia-1997,Insomnia,1997,Original
261,Intersection-1994,Intersection,1994,Remake,Les choses de la vie-1970,Les choses de la vie,1970,Original
262,Intermezzo-1939,Intermezzo,1939,Remake,Intermezzo-1936,Intermezzo,1936,Original
263,Interview-2007,Interview,2007,Remake,Interview-2003,Interview,2003,Original
264,Invaders from Mars-1986,Invaders from Mars,1986,Remake,Invaders from Mars-1953,Invaders from Mars,1953,Original
265,The Invasion-2007,The Invasion,2007,Remake,Invasion of the Body Snatchers-1956,Invasion of the Body Snatchers,1956,Original
266,Irma la Douce-1972,Irma la Douce,1972,Remake,Irma la Douce-1963,Irma la Douce,1963,Original
267,Iron Maze-1991,Iron Maze,1991,Remake,Rashomon-1950,Rashomon,1950,Original
268,The Island of Dr. Moreau-1996,The Island of Dr. Moreau,1996,Remake,L'ile d'épouvante-1911,L'ile d'épouvante,1911,Original
269,The Italian Job-2003,The Italian Job,2003,Remake,The Italian Job-1969,The Italian Job,1969,Original
270,It's Alive-2009,It's Alive,2009,Remake,It's Alive-1974,It's Alive,1974,Original
271,It's Great to Be Alive-1933,It's Great to Be Alive,1933,Remake,The Last Man on Earth-1924,The Last Man on Earth,1924,Original
272,The Jackal-1997,The Jackal,1997,Remake,The Day of the Jackal-1973,The Day of the Jackal,1973,Original
273,Jakob the Liar-1999,Jakob the Liar,1999,Remake,Jacob the Liar-1975,Jacob the Liar,1975,Original
274,Jamaica Inn-2014,Jamaica Inn,2014,Remake,Jamaica Inn-1939,Jamaica Inn,1939,Original
275,Jane Eyre-2011,Jane Eyre,2011,Remake,Jane Eyre-1934,Jane Eyre,1934,Original
276,The Jazz Singer-1980,The Jazz Singer,1980,Remake,The Jazz Singer-1927,The Jazz Singer,1927,Original
277,Jigoku-1999,Jigoku,1999,Remake,Jigoku-1960,Jigoku,1960,Original
278,Journey into Fear-1975,Journey into Fear,1975,Remake,Journey into Fear-1943,Journey into Fear,1943,Original
279,Journey's End-2017,Journey's End,2017,Remake,Journey's End-1930,Journey's End,1930,Original
280,Mowgli: Legend of the Jungle-2018,Mowgli: Legend of the Jungle,2018,Remake,Jungle Book-1942,Jungle Book,1942,Original
281,Jungle 2 Jungle-1997,Jungle 2 Jungle,1997,Remake,Un indien dans la ville-1994,Un indien dans la ville,1994,Original
282,Just Visiting-2001,Just Visiting,2001,Remake,Les Visiteurs-1993,Les Visiteurs,1993,Original
283,Nihon Chinbotsu-2006,Nihon Chinbotsu,2006,Remake,Nihon Chinbotsu-1973,Nihon Chinbotsu,1973,Original
284,The Karate Kid-2010,The Karate Kid,2010,Remake,The Karate Kid-1984,The Karate Kid,1984,Original
285,Kidnapped-2005,Kidnapped,2005,Remake,Kidnapped-1938,Kidnapped,1938,Original
286,King Kong-2005,King Kong,2005,Remake,King Kong-1933,King Kong,1933,Original
287,King Solomon's Mines-2004,King Solomon's Mines,2004,Remake,King Solomon's Mines-1937,King Solomon's Mines,1937,Original
288,A Kid in King Arthur's Court-1995,A Kid in King Arthur's Court,1995,Remake,A Connecticut Yankee in King Arthur's Court-1921,A Connecticut Yankee in King Arthur's Court,1921,Original
289,A Kiss Before Dying-1991,A Kiss Before Dying,1991,Remake,A Kiss Before Dying-1956,A Kiss Before Dying,1956,Original
290,Kiss Me Goodbye-1982,Kiss Me Goodbye,1982,Remake,Dona Flor e Seus Dois Maridos-1976,Dona Flor e Seus Dois Maridos,1976,Original
291,Kiss of Death-1995,Kiss of Death,1995,Remake,Kiss of Death-1947,Kiss of Death,1947,Original
292,They Knew What They Wanted-1940,They Knew What They Wanted,1940,Remake,The Secret Hour-1928,The Secret Hour,1928,Original
293,Knock Knock-2015,Knock Knock,2015,Remake,Death Game-1977,Death Game,1977,Original
294,Kongo-1932,Kongo,1932,Remake,West of Zanzibar-1928,West of Zanzibar,1928,Original
295,Lady and the Tramp-2019,Lady and the Tramp,2019,Remake,Lady and the Tramp-1955,Lady and the Tramp,1955,Original
296,The Ladykillers-2004,The Ladykillers,2004,Remake,The Ladykillers-1955,The Ladykillers,1955,Original
297,The Lady Vanishes-2013,The Lady Vanishes,2013,Remake,The Lady Vanishes-1938,The Lady Vanishes,1938,Original
298,The Lake House-2006,The Lake House,2006,Remake,Il Mare-2000,Il Mare,2000,Original
299,The Land That Time Forgot-2009,The Land That Time Forgot,2009,Remake,The Land That Time Forgot-1975,The Land That Time Forgot,1975,Original
300,Last Holiday-2006,Last Holiday,2006,Remake,Last Holiday-1950,Last Holiday,1950,Original
301,The Last House on the Left-2009,The Last House on the Left,2009,Remake,The Virgin Spring-1960,The Virgin Spring,1960,Original
302,The Last Kiss-2006,The Last Kiss,2006,Remake,L'ultimo bacio-2001,L'ultimo bacio,2001,Original
303,Last Man Standing-1996,Last Man Standing,1996,Remake,Yojimbo-1961,Yojimbo,1961,Original
304,The Last Hurrah-1977,The Last Hurrah,1977,Remake,The Last Hurrah-1958,The Last Hurrah,1958,Original
305,The Last of the Mohicans-1992,The Last of the Mohicans,1992,Remake,The Last of the Mohicans-1920,The Last of the Mohicans,1920,Original
306,Les Misérables-2018,Les Misérables,2018,Remake,Les Misérables-1934,Les Misérables,1934,Original
307,Let Me In-2010,Let Me In,2010,Remake,Let The Right One In-2008,Let The Right One In,2008,Original
308,The Lion King-2019,The Lion King,2019,Remake,The Lion King-1994,The Lion King,1994,Original
309,Little Fugitive-2006,Little Fugitive,2006,Remake,Little Fugitive-1953,Little Fugitive,1953,Original
310,Little Miss Marker-1980,Little Miss Marker,1980,Remake,Little Miss Marker-1934,Little Miss Marker,1934,Original
311,Little Shop of Horrors-1986,Little Shop of Horrors,1986,Remake,The Little Shop of Horrors-1960,The Little Shop of Horrors,1960,Original
312,Little Women-2019,Little Women,2019,Remake,Little Women-1933,Little Women,1933,Original
313,The Lodger-2009,The Lodger,2009,Remake,The Lodger-1927,The Lodger,1927,Original
314,The Loft-2014,The Loft,2014,Remake,Loft-2008,Loft,2008,Original
315,LOL-2012,LOL,2012,Remake,LOL-Laughing Out Loud,LOL,Laughing Out Loud,Original
316,The Longest Yard-2005,The Longest Yard,2005,Remake,The Longest Yard-1974,The Longest Yard,1974,Original
317,Long Fliv the King-1926,Long Fliv the King,1926,Remake,His Royal Slyness-1920,His Royal Slyness,1920,Original
318,The Long Hot Summer-1985,The Long Hot Summer,1985,Remake,"The Long, Hot Summer-1958","The Long, Hot Summer",1958,Original
319,The Long Night-1947,The Long Night,1947,Remake,Le Jour se lève-1939,Le Jour se lève,1939,Original
320,Lost Horizon-1973,Lost Horizon,1973,Remake,Lost Horizon-1937,Lost Horizon,1937,Original
321,The Lost World-2001,The Lost World,2001,Remake,The Lost World-1925,The Lost World,1925,Original
322,Love Affair-1994,Love Affair,1994,Remake,Love Affair-1939,Love Affair,1939,Original
323,Love Don't Cost a Thing-2003,Love Don't Cost a Thing,2003,Remake,Can’t Buy Me Love-1987,Can’t Buy Me Love,1987,Original
324,Lure of the Wilderness-1952,Lure of the Wilderness,1952,Remake,Swamp Water-1941,Swamp Water,1941,Original
325,M-1951,M,1951,Remake,M-1931,M,1931,Original
326,Mädchen in Uniform-1958,Mädchen in Uniform,1958,Remake,Mädchen in Uniform-1931,Mädchen in Uniform,1931,Original
327,Mary-1931,Mary,1931,Remake,Murder!-1930,Murder!,1930,Original
328,The Magnificent Ambersons-2002,The Magnificent Ambersons,2002,Remake,Pampered Youth-1925,Pampered Youth,1925,Original
329,Magnificent Obsession-1954,Magnificent Obsession,1954,Remake,Magnificent Obsession-1935,Magnificent Obsession,1935,Original
330,The Magnificent Seven-2016,The Magnificent Seven,2016,Remake,Seven Samurai-1954,Seven Samurai,1954,Original
331,Main Aisa Hi Hoon-2005,Main Aisa Hi Hoon,2005,Remake,I Am Sam-2001,I Am Sam,2001,Original
332,Major Payne-1995,Major Payne,1995,Remake,The Private War of Major Benson-1955,The Private War of Major Benson,1955,Original
333,The Maltese Falcon-1941,The Maltese Falcon,1941,Remake,The Maltese Falcon-1931,The Maltese Falcon,1931,Original
334,The Man in the Iron Mask-1998,The Man in the Iron Mask,1998,Remake,The Iron Mask-1929,The Iron Mask,1929,Original
335,The Man with One Red Shoe-1985,The Man with One Red Shoe,1985,Remake,Le Grand Blond avec une chaussure noire-1972,Le Grand Blond avec une chaussure noire,1972,Original
336,The Man Who Knew Too Much-1956,The Man Who Knew Too Much,1956,Remake,The Man Who Knew Too Much-1934,The Man Who Knew Too Much,1934,Original
337,The Man Who Loved Women-1983,The Man Who Loved Women,1983,Remake,L'Homme qui aimait les femmes-1977,L'Homme qui aimait les femmes,1977,Original
338,The Manchurian Candidate-2004,The Manchurian Candidate,2004,Remake,The Manchurian Candidate-1962,The Manchurian Candidate,1962,Original
339,Bhool Bhulaiyaa-2007,Bhool Bhulaiyaa,2007,Remake,Manichitrathazhu-1993,Manichitrathazhu,1993,Original
340,"Marcelino Pan y Vino-1979, made-for-TV",Marcelino Pan y Vino,"1979, made-for-TV",Remake,Marcelino Pan y Vino-1955,Marcelino Pan y Vino,1955,Original
341,Marilyn Hotchkiss' Ballroom Dancing and Charm School-2005,Marilyn Hotchkiss' Ballroom Dancing and Charm School,2005,Remake,Marilyn Hotchkiss' Ballroom Dancing and Charm School-1990,Marilyn Hotchkiss' Ballroom Dancing and Charm School,1990,Original
342,Mark of the Vampire-1935,Mark of the Vampire,1935,Remake,London After Midnight-1927,London After Midnight,1927,Original
343,The Mark of Zorro-1974,The Mark of Zorro,1974,Remake,The Mark of Zorro-1920,The Mark of Zorro,1920,Original
344,Martyrs-2015,Martyrs,2015,Remake,Martyrs-2008,Martyrs,2008,Original
345,Masquerade in Mexico-1945,Masquerade in Mexico,1945,Remake,Midnight-1939,Midnight,1939,Original
346,The Mechanic-2011,The Mechanic,2011,Remake,The Mechanic-1972,The Mechanic,1972,Original
347,Meet Joe Black-1998,Meet Joe Black,1998,Remake,Death Takes a Holiday-1934,Death Takes a Holiday,1934,Original
348,Meet Me in St. Louis-1966,Meet Me in St. Louis,1966,Remake,Meet Me in St. Louis-1944,Meet Me in St. Louis,1944,Original
349,Men Don't Leave-1990,Men Don't Leave,1990,Remake,La vie continue-1981,La vie continue,1981,Original
350,"Merry Christmas, George Bailey-1997","Merry Christmas, George Bailey",1997,Remake,It's a Wonderful Life-1946,It's a Wonderful Life,1946,Original
351,The Merry Widow-1952,The Merry Widow,1952,Remake,The Merry Widow-1925,The Merry Widow,1925,Original
352,Merton of the Movies-1947,Merton of the Movies,1947,Remake,Merton of the Movies-1924,Merton of the Movies,1924,Original
353,Messenger-1994,Messenger,1994,Remake,Bicycle Thieves-1948,Bicycle Thieves,1948,Original
354,Mighty Joe Young-1998,Mighty Joe Young,1998,Remake,Mighty Joe Young-1949,Mighty Joe Young,1949,Original
355,Miracle on 34th Street-1994,Miracle on 34th Street,1994,Remake,Miracle on 34th Street-1947,Miracle on 34th Street,1947,Original
356,The Miracle Man-1932,The Miracle Man,1932,Remake,The Miracle Man-1919,The Miracle Man,1919,Original
357,The Mirror Has Two Faces-1996,The Mirror Has Two Faces,1996,Remake,Le Mariage a Deux Faces-1959,Le Mariage a Deux Faces,1959,Original
358,Mirrors-2008,Mirrors,2008,Remake,Into the Mirror-2003,Into the Mirror,2003,Original
359,20 Once Again-2015,20 Once Again,2015,Remake,Miss Granny-2014,Miss Granny,2014,Original
360,Mixed Nuts-1994,Mixed Nuts,1994,Remake,Le Père Noël est une ordure-1982,Le Père Noël est une ordure,1982,Original
361,Moby Dick-2011,Moby Dick,2011,Remake,The Sea Beast-1926,The Sea Beast,1926,Original
362,Mogambo-1953,Mogambo,1953,Remake,Red Dust-1932,Red Dust,1932,Original
363,The Money Pit-1986,The Money Pit,1986,Remake,Mr. Blandings Builds His Dream House-1948,Mr. Blandings Builds His Dream House,1948,Original
364,Moon Over Parador-1988,Moon Over Parador,1988,Remake,The Magnificent Fraud-1939,The Magnificent Fraud,1939,Original
365,The Monkey's Paw-1948,The Monkey's Paw,1948,Remake,The Monkey's Paw-1923,The Monkey's Paw,1923,Original
366,Mother's Day-2010,Mother's Day,2010,Remake,Mother's Day-1980,Mother's Day,1980,Original
367,"Move Over, Darling-1963","Move Over, Darling",1963,Remake,My Favorite Wife-1940,My Favorite Wife,1940,Original
368,Mr. Deeds-2002,Mr. Deeds,2002,Remake,Mr. Deeds Goes to Town-1936,Mr. Deeds Goes to Town,1936,Original
369,Mrs. Winterbourne-1996,Mrs. Winterbourne,1996,Remake,No Man of Her Own-1950,No Man of Her Own,1950,Original
370,The Mummy-1999,The Mummy,1999,Remake,The Mummy-1932,The Mummy,1932,Original
371,Uppi Dada M.B.B.S.-2006,Uppi Dada M.B.B.S.,2006,Remake,Munna Bhai M.B.B.S.-2003,Munna Bhai M.B.B.S.,2003,Original
372,Murder on the Orient Express-2017,Murder on the Orient Express,2017,Remake,Murder on the Orient Express-1974,Murder on the Orient Express,1974,Original
373,The Music Man-2003,The Music Man,2003,Remake,The Music Man-1962,The Music Man,1962,Original
374,My Bloody Valentine 3D-2009,My Bloody Valentine 3D,2009,Remake,My Bloody Valentine-1981,My Bloody Valentine,1981,Original
375,My Cousin Rachel-2017,My Cousin Rachel,2017,Remake,My Cousin Rachel-1952,My Cousin Rachel,1952,Original
376,My Darling Clementine-1946,My Darling Clementine,1946,Remake,Frontier Marshal-1934,Frontier Marshal,1934,Original
377,My Fair Lady-1964,My Fair Lady,1964,Remake,Pygmalion-1938,Pygmalion,1938,Original
378,My Father the Hero-1994,My Father the Hero,1994,Remake,"Mon père, ce héros-1991","Mon père, ce héros",1991,Original
379,My Man Godfrey-1957,My Man Godfrey,1957,Remake,My Man Godfrey-1936,My Man Godfrey,1936,Original
380,Jules Verne's Mysterious Island-2012,Jules Verne's Mysterious Island,2012,Remake,The Mysterious Island-1929,The Mysterious Island,1929,Original
381,Untitled Mario remake film-2022,Untitled Mario remake film,2022,Remake,Super Mario Bros-1993,Super Mario Bros,1993,Original
382,Naa Autograph-2004,Naa Autograph,2004,Remake,Autograph-2004,Autograph,2004,Original
383,Nadja-1994,Nadja,1994,Remake,Dracula's Daughter-1936,Dracula's Daughter,1936,Original
384,Naina-2005,Naina,2005,Remake,The Eye-2002,The Eye,2002,Original
385,Never Say Never Again-1983,Never Say Never Again,1983,Remake,Thunderball-1965,Thunderball,1965,Original
386,The Next Three Days-2010,The Next Three Days,2010,Remake,Anything for Her-2008,Anything for Her,2008,Original
387,Night and the City-1992,Night and the City,1992,Remake,Night and the City-1950,Night and the City,1950,Original
388,Night Must Fall-1964,Night Must Fall,1964,Remake,Night Must Fall-1937,Night Must Fall,1937,Original
389,Night of the Hunter-1991,Night of the Hunter,1991,Remake,The Night of the Hunter-1955,The Night of the Hunter,1955,Original
390,A Nightmare on Elm Street-2010,A Nightmare on Elm Street,2010,Remake,A Nightmare on Elm Street-1984,A Nightmare on Elm Street,1984,Original
391,Night of the Demons-2009,Night of the Demons,2009,Remake,Night of the Demons-1988,Night of the Demons,1988,Original
392,Night of the Living Dead 3D-2006,Night of the Living Dead 3D,2006,Remake,Night of the Living Dead-1968,Night of the Living Dead,1968,Original
393,Nightwatch-1997,Nightwatch,1997,Remake,Nattevagten-1994,Nattevagten,1994,Original
394,Nine Months-1995,Nine Months,1995,Remake,Neuf mois-1994,Neuf mois,1994,Original
395,No Reservations-2007,No Reservations,2007,Remake,Mostly Martha-2001,Mostly Martha,2001,Original
396,Nosferatu-1979,Nosferatu,1979,Remake,Nosferatu-1922,Nosferatu,1922,Original
397,No Way Out-1987,No Way Out,1987,Remake,The Big Clock-1948,The Big Clock,1948,Original
398,Not of This Earth-1995,Not of This Earth,1995,Remake,Not of This Earth-1957,Not of This Earth,1957,Original
399,Notorious-1992,Notorious,1992,Remake,Notorious-1946,Notorious,1946,Original
400,All the Best-2012,All the Best,2012,Remake,Nueve Reinas-2000,Nueve Reinas,2000,Original
401,The Nutty Professor-1996,The Nutty Professor,1996,Remake,The Nutty Professor-1963,The Nutty Professor,1963,Original
402,Ocean's Eleven-2001,Ocean's Eleven,2001,Remake,Ocean's 11-1960,Ocean's 11,1960,Original
403,Oh Jonathan – oh Jonathan!-1973,Oh Jonathan – oh Jonathan!,1973,Remake,It Started with Eve-1941,It Started with Eve,1941,Original
404,Of Human Bondage-1964,Of Human Bondage,1964,Remake,Of Human Bondage-1934,Of Human Bondage,1934,Original
405,Of Mice and Men-1992,Of Mice and Men,1992,Remake,Of Mice and Men-1939,Of Mice and Men,1939,Original
406,The Old Dark House-1963,The Old Dark House,1963,Remake,The Old Dark House-1932,The Old Dark House,1932,Original
407,Oldboy-2013,Oldboy,2013,Remake,Oldboy-2003,Oldboy,2003,Original
408,Oliver Twist-2007,Oliver Twist,2007,Remake,Oliver Twist-1922,Oliver Twist,1922,Original
409,The Omen-2006,The Omen,2006,Remake,The Omen-1976,The Omen,1976,Original
410,On the Beach-2000,On the Beach,2000,Remake,On the Beach-1959,On the Beach,1959,Original
411,One Missed Call-2007,One Missed Call,2007,Remake,One Missed Call-Chakushin Ari,One Missed Call,Chakushin Ari,Original
412,One Sunday Afternoon-1948,One Sunday Afternoon,1948,Remake,One Sunday Afternoon-1933,One Sunday Afternoon,1933,Original
413,The Ordeal of Dr. Mudd-1980,The Ordeal of Dr. Mudd,1980,Remake,The Prisoner of Shark Island-1936,The Prisoner of Shark Island,1936,Original
414,Orfeu-1999,Orfeu,1999,Remake,Black Orpheus-1959,Black Orpheus,1959,Original
415,Original Sin-2001,Original Sin,2001,Remake,La Sirène du Mississipi-1969,La Sirène du Mississipi,1969,Original
416,Orphans of the Storm-1921,Orphans of the Storm,1921,Remake,The Two Orphans-1915,The Two Orphans,1915,Original
417,Oscar-1991,Oscar,1991,Remake,Oscar-1967,Oscar,1967,Original
418,The Out-of-Towners-1999,The Out-of-Towners,1999,Remake,The Out-of-Towners-1970,The Out-of-Towners,1970,Original
419,The Outrage-1964,The Outrage,1964,Remake,Rashomon-1950,Rashomon,1950,Original
420,Overboard-2018,Overboard,2018,Remake,Overboard-1987,Overboard,1987,Original
421,Oxford Blues-1984,Oxford Blues,1984,Remake,A Yank at Oxford-1938,A Yank at Oxford,1938,Original
422,Pacific Rendezvous-1942,Pacific Rendezvous,1942,Remake,Rendezvous-1935,Rendezvous,1935,Original
423,Papillon-2018,Papillon,2018,Remake,Papillon-1973,Papillon,1973,Original
424,Paradise-1991,Paradise,1991,Remake,Le grand chemin-1987,Le grand chemin,1987,Original
425,The Parent Trap-1998,The Parent Trap,1998,Remake,Twice Upon a Time-1953,Twice Upon a Time,1953,Original
426,Passion-1998,Passion,1998,Remake,Le Dernier Tournant-1939,Le Dernier Tournant,1939,Original
427,Pathfinder-2006,Pathfinder,2006,Remake,Ofelas-1987,Ofelas,1987,Original
428,Peking Express-1951,Peking Express,1951,Remake,Shanghai Express-1932,Shanghai Express,1932,Original
429,A Perfect Murder-1998,A Perfect Murder,1998,Remake,Dial M for Murder-1954,Dial M for Murder,1954,Original
430,Pet Sematary-2019,Pet Sematary,2019,Remake,Pet Sematary-1989,Pet Sematary,1989,Original
431,A Place in the Sun-1951,A Place in the Sun,1951,Remake,An American Tragedy-1931,An American Tragedy,1931,Original
432,The Phantom Carriage-1958,The Phantom Carriage,1958,Remake,The Phantom Carriage-1921,The Phantom Carriage,1921,Original
433,The Phantom of the Opera-2004,The Phantom of the Opera,2004,Remake,The Phantom of the Opera-1925,The Phantom of the Opera,1925,Original
434,Picnic-2000,Picnic,2000,Remake,Picnic-1955,Picnic,1955,Original
435,Piranha 3-D-2010,Piranha 3-D,2010,Remake,Piranha-1978,Piranha,1978,Original
436,Planet of the Apes-2001,Planet of the Apes,2001,Remake,Planet of the Apes-1968,Planet of the Apes,1968,Original
437,The Plank-1979,The Plank,1979,Remake,The Plank-1967,The Plank,1967,Original
438,Pocketful of Miracles-1961,Pocketful of Miracles,1961,Remake,Lady for a Day-1933,Lady for a Day,1933,Original
439,Point Break-2015,Point Break,2015,Remake,Point Break-1991,Point Break,1991,Original
440,Point of No Return-1993,Point of No Return,1993,Remake,La Femme Nikita-1990,La Femme Nikita,1990,Original
441,Poltergeist-2015,Poltergeist,2015,Remake,Poltergeist-1982,Poltergeist,1982,Original
442,Porki-2010,Porki,2010,Remake,Pokiri-2006,Pokiri,2006,Original
443,Poseidon-2006,Poseidon,2006,Remake,The Poseidon Adventure-1972,The Poseidon Adventure,1972,Original
444,The Preacher's Wife-1996,The Preacher's Wife,1996,Remake,The Bishop's Wife-1947,The Bishop's Wife,1947,Original
445,Premonition-2007,Premonition,2007,Remake,Premonition-2004,Premonition,2004,Original
446,Pride & Prejudice-2005,Pride & Prejudice,2005,Remake,Pride and Prejudice-1940,Pride and Prejudice,1940,Original
447,The Prime Minister-1941,The Prime Minister,1941,Remake,Disraeli-1916,Disraeli,1916,Original
448,The Prince and the Pauper-2007,The Prince and the Pauper,2007,Remake,The Prince and the Pauper-1920,The Prince and the Pauper,1920,Original
449,The Prisoner of Zenda-1979,The Prisoner of Zenda,1979,Remake,The Prisoner of Zenda-1922,The Prisoner of Zenda,1922,Original
450,The Producers-2005,The Producers,2005,Remake,The Producers-1968,The Producers,1968,Original
451,Prom Night-2008,Prom Night,2008,Remake,Prom Night-1980,Prom Night,1980,Original
452,Psycho-1998,Psycho,1998,Remake,Psycho-1960,Psycho,1960,Original
453,Pulse-2006,Pulse,2006,Remake,Kairo-2001,Kairo,2001,Original
454,Quarantine-2008,Quarantine,2008,Remake,REC-2007,REC,2007,Original
455,The Rainmaker-1982,The Rainmaker,1982,Remake,The Rainmaker-1956,The Rainmaker,1956,Original
456,Ram Gopal Varma Ki Aag-2007,Ram Gopal Varma Ki Aag,2007,Remake,Sholay-1975,Sholay,1975,Original
457,Rangrezz-2013,Rangrezz,2013,Remake,Naadodigal-2009,Naadodigal,2009,Original
458,Ransom-1996,Ransom,1996,Remake,Ransom!-1956,Ransom!,1956,Original
459,The Razor's Edge-1984,The Razor's Edge,1984,Remake,The Razor's Edge-1946,The Razor's Edge,1946,Original
460,Rear Window-1998,Rear Window,1998,Remake,Rear Window-1954,Rear Window,1954,Original
461,Red Dawn-2012,Red Dawn,2012,Remake,Red Dawn-1984,Red Dawn,1984,Original
462,Rebecca-1997,Rebecca,1997,Remake,Rebecca-1940,Rebecca,1940,Original
463,The Red Badge of Courage-1974,The Red Badge of Courage,1974,Remake,The Red Badge of Courage-1951,The Red Badge of Courage,1951,Original
464,Red Dragon-2002,Red Dragon,2002,Remake,Manhunter-1986,Manhunter,1986,Original
465,Reefer Madness-2005,Reefer Madness,2005,Remake,Reefer Madness-1936,Reefer Madness,1936,Original
466,Return to Paradise-1998,Return to Paradise,1998,Remake,Force Majeure-1989,Force Majeure,1989,Original
467,Reptilian-1999,Reptilian,1999,Remake,Yonggary-1967,Yonggary,1967,Original
468,Rich and Famous-1981,Rich and Famous,1981,Remake,Old Acquaintance-1943,Old Acquaintance,1943,Original
469,Riding High-1950,Riding High,1950,Remake,Broadway Bill-1934,Broadway Bill,1934,Original
470,The Ring-2002,The Ring,2002,Remake,Ringu-1998,Ringu,1998,Original
471,Rio Lobo-1970,Rio Lobo,1970,Remake,Rio Bravo-1959,Rio Bravo,1959,Original
472,Robin Hood-2018,Robin Hood,2018,Remake,Robin Hood-1922,Robin Hood,1922,Original
473,RoboCop-2014,RoboCop,2014,Remake,RoboCop-1987,RoboCop,1987,Original
474,Rock-A-Bye Baby-1958,Rock-A-Bye Baby,1958,Remake,The Miracle of Morgan's Creek-1944,The Miracle of Morgan's Creek,1944,Original
475,Rollerball-2002,Rollerball,2002,Remake,Rollerball-1975,Rollerball,1975,Original
476,Rogue Male-1976,Rogue Male,1976,Remake,Man Hunt-1941,Man Hunt,1941,Original
477,The Roman Spring of Mrs. Stone-2003,The Roman Spring of Mrs. Stone,2003,Remake,The Roman Spring of Mrs. Stone-1961,The Roman Spring of Mrs. Stone,1961,Original
478,The Roommate-2011,The Roommate,2011,Remake,Single White Female-1992,Single White Female,1992,Original
479,Run for the Sun-1956,Run for the Sun,1956,Remake,The Most Dangerous Game-1932,The Most Dangerous Game,1932,Original
480,Runaway Daughters-1994,Runaway Daughters,1994,Remake,Runaway Daughters-1956,Runaway Daughters,1956,Original
481,Sabrina-1995,Sabrina,1995,Remake,Sabrina-1954,Sabrina,1954,Original
482,Sahara-1995,Sahara,1995,Remake,The Thirteen-1937,The Thirteen,1937,Original
483,Satan's School for Girls-2000,Satan's School for Girls,2000,Remake,Satan's School for Girls-1973,Satan's School for Girls,1973,Original
484,Saturday's Children-1940,Saturday's Children,1940,Remake,Saturday's Children-1929,Saturday's Children,1929,Original
485,Scandal Maker-2016,Scandal Maker,2016,Remake,Scandal Makers-2008,Scandal Makers,2008,Original
486,The Scapegoat-2012,The Scapegoat,2012,Remake,The Scapegoat-1959,The Scapegoat,1959,Original
487,Scared Stiff-1953,Scared Stiff,1953,Remake,The Ghost Breakers-1940,The Ghost Breakers,1940,Original
488,Scarface-1983,Scarface,1983,Remake,Scarface-1932,Scarface,1932,Original
489,Scent of a Woman-1992,Scent of a Woman,1992,Remake,Profumo di donna-1974,Profumo di donna,1974,Original
490,School for Scoundrels-2006,School for Scoundrels,2006,Remake,School for Scoundrels-1960,School for Scoundrels,1960,Original
491,Séance-2000,Séance,2000,Remake,Séance on a Wet Afternoon-1964,Séance on a Wet Afternoon,1964,Original
492,Sea Wolf-2009,Sea Wolf,2009,Remake,The Sea Wolf-1930,The Sea Wolf,1930,Original
493,The Secret-2007,The Secret,2007,Remake,Himitsu-1999,Himitsu,1999,Original
494,Secret in Their Eyes-2015,Secret in Their Eyes,2015,Remake,El secreto de sus ojos-2009,El secreto de sus ojos,2009,Original
495,The Secret Life of Walter Mitty-2013,The Secret Life of Walter Mitty,2013,Remake,The Secret Life of Walter Mitty-1947,The Secret Life of Walter Mitty,1947,Original
496,Senso '45-2002,Senso '45,2002,Remake,Senso-1979,Senso,1979,Original
497,Sergeants 3-1962,Sergeants 3,1962,Remake,Gunga Din-1939,Gunga Din,1939,Original
498,Seventh Heaven-1937,Seventh Heaven,1937,Remake,Seventh Heaven-1927,Seventh Heaven,1927,Original
499,Shadow of a Doubt-1991,Shadow of a Doubt,1991,Remake,Shadow of a Doubt-1943,Shadow of a Doubt,1943,Original
500,Shaft-2000,Shaft,2000,Remake,Shaft-1971,Shaft,1971,Original
501,The Shaggy Dog-2006,The Shaggy Dog,2006,Remake,The Shaggy Dog-1959,The Shaggy Dog,1959,Original
502,"Shake, Rattle and Rock!-1994","Shake, Rattle and Rock!",1994,Remake,"Shake, Rattle & Rock!-1956","Shake, Rattle & Rock!",1956,Original
503,The Shakiest Gun in the West-1968,The Shakiest Gun in the West,1968,Remake,The Paleface-1948,The Paleface,1948,Original
504,Shall We Dance-2004,Shall We Dance,2004,Remake,Shall We Dansu?-1996,Shall We Dansu?,1996,Original
505,Dr. Nawariyan-2017,Dr. Nawariyan,2017,Remake,Munna Bhai M.B.B.S.-2003,Munna Bhai M.B.B.S.,2003,Original
506,Shankar Dada Zindabad-2007,Shankar Dada Zindabad,2007,Remake,Lage Raho Munna Bhai-2006,Lage Raho Munna Bhai,2006,Original
507,She-1965,She,1965,Remake,She-1935,She,1935,Original
508,The Shining-1997,The Shining,1997,Remake,The Shining-1980,The Shining,1980,Original
509,Shiva-2006,Shiva,2006,Remake,Shiva-1989,Shiva,1989,Original
510,Shortcut to Happiness-2007,Shortcut to Happiness,2007,Remake,The Devil and Daniel Webster-1941,The Devil and Daniel Webster,1941,Original
511,Show Boat-1951,Show Boat,1951,Remake,Show Boat-1929,Show Boat,1929,Original
512,Sideways-2009,Sideways,2009,Remake,Sideways-2004,Sideways,2004,Original
513,Silk Stockings-1957,Silk Stockings,1957,Remake,Ninotchka-1939,Ninotchka,1939,Original
514,The Sign of the Cross-1932,The Sign of the Cross,1932,Remake,The Sign of the Cross-1914,The Sign of the Cross,1914,Original
515,Sleeping Car to Trieste-1948,Sleeping Car to Trieste,1948,Remake,Rome Express-1932,Rome Express,1932,Original
516,So Big-1953,So Big,1953,Remake,So Big-1924,So Big,1924,Original
517,Solaris-2002,Solaris,2002,Remake,Solaris-1968,Solaris,1968,Original
518,Solstice-2008,Solstice,2008,Remake,Midsommer-2003,Midsommer,2003,Original
519,A Song Is Born-1948,A Song Is Born,1948,Remake,Ball of Fire-1941,Ball of Fire,1941,Original
520,Sorcerer-1977,Sorcerer,1977,Remake,Le Salaire de la Peur-1953,Le Salaire de la Peur,1953,Original
521,Sorority Row-2009,Sorority Row,2009,Remake,The House on Sorority Row-1983,The House on Sorority Row,1983,Original
522,The Sound and the Fury-2014,The Sound and the Fury,2014,Remake,The Sound and the Fury-1959,The Sound and the Fury,1959,Original
523,Spring Parade-1940,Spring Parade,1940,Remake,Spring Parade-1934,Spring Parade,1934,Original
524,Springtime in a Small Town-2002,Springtime in a Small Town,2002,Remake,Spring in a Small Town-1948,Spring in a Small Town,1948,Original
525,The Squaw Man-1931,The Squaw Man,1931,Remake,The Squaw Man-1914,The Squaw Man,1914,Original
526,Stage Struck-1958,Stage Struck,1958,Remake,Morning Glory-1933,Morning Glory,1933,Original
527,Stagecoach-1986,Stagecoach,1986,Remake,Stagecoach-1939,Stagecoach,1939,Original
528,A Star Is Born-2018,A Star Is Born,2018,Remake,A Star Is Born-1937,A Star Is Born,1937,Original
529,State Fair-1962,State Fair,1962,Remake,State Fair-1933,State Fair,1933,Original
530,The Stepfather-2009,The Stepfather,2009,Remake,The Stepfather-1987,The Stepfather,1987,Original
531,The Stepford Wives-2004,The Stepford Wives,2004,Remake,The Stepford Wives-1975,The Stepford Wives,1975,Original
532,Stolen Hours-1963,Stolen Hours,1963,Remake,Dark Victory-1939,Dark Victory,1939,Original
533,Straw Dogs-2011,Straw Dogs,2011,Remake,Straw Dogs-1971,Straw Dogs,1971,Original
534,The Student of Prague-1935,The Student of Prague,1935,Remake,The Student of Prague-1913,The Student of Prague,1913,Original
535,The Sun Shines Bright-1953,The Sun Shines Bright,1953,Remake,Judge Priest-1934,Judge Priest,1934,Original
536,The Sunshine Boys-1996,The Sunshine Boys,1996,Remake,The Sunshine Boys-1975,The Sunshine Boys,1975,Original
537,Svengali-1983,Svengali,1983,Remake,Svengali-1931,Svengali,1931,Original
538,The Swan-1956,The Swan,1956,Remake,The Swan-1925,The Swan,1925,Original
539,Sweet 20-2015,Sweet 20,2015,Remake,Miss Granny-2014,Miss Granny,2014,Original
540,Sweet November-2001,Sweet November,2001,Remake,Sweet November-1968,Sweet November,1968,Original
541,Swept Away-2002,Swept Away,2002,Remake,Swept Away by an Unusual Destiny in the Blue Sea of August-1974,Swept Away by an Unusual Destiny in the Blue Sea of August,1974,Original
542,Switching Channels-1988,Switching Channels,1988,Remake,The Front Page-1931,The Front Page,1931,Original
543,The Taking of Pelham 1 2 3-2009,The Taking of Pelham 1 2 3,2009,Remake,Taking of Pelham One Two Three-1974,Taking of Pelham One Two Three,1974,Original
544,"Tarzan, the Ape Man-1959","Tarzan, the Ape Man",1959,Remake,Tarzan the Ape Man-1932,Tarzan the Ape Man,1932,Original
545,Taxi-2004,Taxi,2004,Remake,Taxi-1998,Taxi,1998,Original
546,The Texas Chainsaw Massacre-2003,The Texas Chainsaw Massacre,2003,Remake,The Texas Chain Saw Massacre-1974,The Texas Chain Saw Massacre,1974,Original
547,That Darn Cat-1997,That Darn Cat,1997,Remake,That Darn Cat!-1965,That Darn Cat!,1965,Original
548,The Thief of Baghdad-1978,The Thief of Baghdad,1978,Remake,Thief of Bagdad-1924,Thief of Bagdad,1924,Original
549,Thieves Like Us-1974,Thieves Like Us,1974,Remake,They Live by Night-1948,They Live by Night,1948,Original
550,The 39 Steps-2008,The 39 Steps,2008,Remake,The 39 Steps-1935,The 39 Steps,1935,Original
551,Yamato Takeru-1994,Yamato Takeru,1994,Remake,The Birth of Japan-1959,The Birth of Japan,1959,Original
552,The Thing-1982,The Thing,1982,Remake,The Thing from Another World-1951,The Thing from Another World,1951,Original
553,The Thirteenth Floor-1999,The Thirteenth Floor,1999,Remake,Welt am Draht-1973,Welt am Draht,1973,Original
554,Thirteen Ghosts-2001,Thirteen Ghosts,2001,Remake,13 Ghosts-1960,13 Ghosts,1960,Original
555,The Thomas Crown Affair-1999,The Thomas Crown Affair,1999,Remake,The Thomas Crown Affair-1968,The Thomas Crown Affair,1968,Original
556,Three Fugitives-1989,Three Fugitives,1989,Remake,Les Fugitifs-1986,Les Fugitifs,1986,Original
557,The Three Musketeers-2011,The Three Musketeers,2011,Remake,The Three Musketeers-1921,The Three Musketeers,1921,Original
558,The Time Machine-2002,The Time Machine,2002,Remake,The Time Machine-1960,The Time Machine,1960,Original
559,To Be or Not to Be-1983,To Be or Not to Be,1983,Remake,To Be or Not to Be-1942,To Be or Not to Be,1942,Original
560,Too Good to Be True-1988,Too Good to Be True,1988,Remake,Leave Her to Heaven-1945,Leave Her to Heaven,1945,Original
561,Toolbox Murders-2004,Toolbox Murders,2004,Remake,The Toolbox Murders-1978,The Toolbox Murders,1978,Original
562,Tortilla Soup-2001,Tortilla Soup,2001,Remake,Eat Drink Man Woman-1994,Eat Drink Man Woman,1994,Original
563,Total Recall-2012,Total Recall,2012,Remake,Total Recall-1990,Total Recall,1990,Original
564,Tom Brown's Schooldays-2005,Tom Brown's Schooldays,2005,Remake,Tom Brown's Schooldays-1916,Tom Brown's Schooldays,1916,Original
565,Tom Sawyer & Huckleberry Finn-2014,Tom Sawyer & Huckleberry Finn,2014,Remake,Tom Sawyer-1917,Tom Sawyer,1917,Original
566,The Tourist-2010,The Tourist,2010,Remake,Anthony Zimmer-2005,Anthony Zimmer,2005,Original
567,Tower of London-1962,Tower of London,1962,Remake,Tower of London-1939,Tower of London,1939,Original
568,The Toy-1982,The Toy,1982,Remake,Le Jouet-1976,Le Jouet,1976,Original
569,Trader Horn-1973,Trader Horn,1973,Remake,Trader Horn-1931,Trader Horn,1931,Original
570,Treasure Island-2012,Treasure Island,2012,Remake,Treasure Island-1920,Treasure Island,1920,Original
571,True Grit-2010,True Grit,2010,Remake,True Grit-1969,True Grit,1969,Original
572,True Lies-1994,True Lies,1994,Remake,La Totale!-1991,La Totale!,1991,Original
573,The Truth About Charlie-2002,The Truth About Charlie,2002,Remake,Charade-1963,Charade,1963,Original
574,Two Much-1996,Two Much,1996,Remake,Le jumeau-1984,Le jumeau,1984,Original
575,Under Capricorn-1983,Under Capricorn,1983,Remake,Under Capricorn-1949,Under Capricorn,1949,Original
576,Under Suspicion-2000,Under Suspicion,2000,Remake,Garde à vue-1981,Garde à vue,1981,Original
577,The Underneath-1995,The Underneath,1995,Remake,Criss Cross-1949,Criss Cross,1949,Original
578,Ganda Hendathi-2006,Ganda Hendathi,2006,Remake,La femme infidèle-1969,La femme infidèle,1969,Original
579,Unfaithfully Yours-1984,Unfaithfully Yours,1984,Remake,Unfaithfully Yours-1948,Unfaithfully Yours,1948,Original
580,The Unfaithful-1947,The Unfaithful,1947,Remake,The Letter-1929,The Letter,1929,Original
581,The Unholy Three-1930,The Unholy Three,1930,Remake,The Unholy Three-1925,The Unholy Three,1925,Original
582,The Unknown Soldier-1985,The Unknown Soldier,1985,Remake,The Unknown Soldier-1955,The Unknown Soldier,1955,Original
583,The Upside-2019,The Upside,2019,Remake,The Intouchables-2011,The Intouchables,2011,Original
584,Vanilla Sky-2001,Vanilla Sky,2001,Remake,Abre Los Ojos-1997,Abre Los Ojos,1997,Original
585,The Vanishing-1993,The Vanishing,1993,Remake,Spoorloos-1988,Spoorloos,1988,Original
586,Vanishing Point-1997,Vanishing Point,1997,Remake,Vanishing Point-1971,Vanishing Point,1971,Original
587,Vanity Fair-2018,Vanity Fair,2018,Remake,Vanity Fair-1915,Vanity Fair,1915,Original
588,Victor Frankenstein-2015,Victor Frankenstein,2015,Remake,Frankenstein-1931,Frankenstein,1931,Original
589,Victor/Victoria-1982,Victor/Victoria,1982,Remake,Viktor und Viktoria-1933,Viktor und Viktoria,1933,Original
590,Village of the Damned-1995,Village of the Damned,1995,Remake,Village of the Damned-1960,Village of the Damned,1960,Original
591,The Virginian-1946,The Virginian,1946,Remake,The Virginian-1914,The Virginian,1914,Original
592,Walk Don't Run-1966,Walk Don't Run,1966,Remake,The More the Merrier-1943,The More the Merrier,1943,Original
593,A Walk in the Clouds-1995,A Walk in the Clouds,1995,Remake,Sous le ciel de Provence-1956,Sous le ciel de Provence,1956,Original
594,Walking Tall-2004,Walking Tall,2004,Remake,Walking Tall-1973,Walking Tall,1973,Original
595,The War of the Worlds-2019,The War of the Worlds,2019,Remake,The War of the Worlds-1953,The War of the Worlds,1953,Original
596,Web of the Spider-1971,Web of the Spider,1971,Remake,Castle of Blood-1964,Castle of Blood,1964,Original
597,We Are Family-2010,We Are Family,2010,Remake,Stepmom-1998,Stepmom,1998,Original
598,Welcome to Collinwood-2002,Welcome to Collinwood,2002,Remake,Big Deal on Madonna Street-1958,Big Deal on Madonna Street,1958,Original
599,We're No Angels-1989,We're No Angels,1989,Remake,We're No Angels-1955,We're No Angels,1955,Original
600,What a Girl Wants-2003,What a Girl Wants,2003,Remake,The Reluctant Debutante-1958,The Reluctant Debutante,1958,Original
601,When a Stranger Calls-2006,When a Stranger Calls,2006,Remake,When a Stranger Calls-1979,When a Stranger Calls,1979,Original
602,What Ever Happened to Baby Jane?-1991,What Ever Happened to Baby Jane?,1991,Remake,What Ever Happened to Baby Jane?-1962,What Ever Happened to Baby Jane?,1962,Original
603,What Men Want-2019,What Men Want,2019,Remake,What Women Want-2000,What Women Want,2000,Original
604,Where the Boys Are '84-1984,Where the Boys Are '84,1984,Remake,Where the Boys Are-1960,Where the Boys Are,1960,Original
605,The Wicked Lady-1983,The Wicked Lady,1983,Remake,The Wicked Lady-1945,The Wicked Lady,1945,Original
606,The Wicker Man-2006,The Wicker Man,2006,Remake,The Wicker Man-1973,The Wicker Man,1973,Original
607,Wicker Park-2004,Wicker Park,2004,Remake,L'Appartement-1996,L'Appartement,1996,Original
608,Willard-2003,Willard,2003,Remake,Willard-1971,Willard,1971,Original
609,The Winslow Boy-1999,The Winslow Boy,1999,Remake,The Winslow Boy-1948,The Winslow Boy,1948,Original
610,The Witness-2015,The Witness,2015,Remake,Blind-2011,Blind,2011,Original
611,The Wiz-1978,The Wiz,1978,Remake,The Wizard of Oz-1925,The Wizard of Oz,1925,Original
612,The Witness for the Prosecution-2016,The Witness for the Prosecution,2016,Remake,Witness for the Prosecution-1957,Witness for the Prosecution,1957,Original
613,The Wolfman-2010,The Wolfman,2010,Remake,The Wolf Man-1941,The Wolf Man,1941,Original
614,The Woman in Black-2012,The Woman in Black,2012,Remake,The Woman in Black-1989,The Woman in Black,1989,Original
615,The Woman in Red-1984,The Woman in Red,1984,Remake,Un éléphant ça trompe énormément-1976,Un éléphant ça trompe énormément,1976,Original
616,The Woman in White-2018,The Woman in White,2018,Remake,Crimes at the Dark House-1940,Crimes at the Dark House,1940,Original
617,The Women-2008,The Women,2008,Remake,The Women-1939,The Women,1939,Original
618,The Yellow Handkerchief-2010,The Yellow Handkerchief,2010,Remake,The Yellow Handkerchief-1977,The Yellow Handkerchief,1977,Original
619,Yogi-2007,Yogi,2007,Remake,Jogi-2005,Jogi,2005,Original
620,You Can't Run Away from It-1956,You Can't Run Away from It,1956,Remake,It Happened One Night-1934,It Happened One Night,1934,Original
621,"Yours, Mine and Ours-2005","Yours, Mine and Ours",2005,Remake,"Yours, Mine and Ours-1968","Yours, Mine and Ours",1968,Original
622,You're Never Too Young-1955,You're Never Too Young,1955,Remake,The Major and the Minor-1942,The Major and the Minor,1942,Original
623,You've Got Mail-1998,You've Got Mail,1998,Remake,The Shop Around the Corner-1940,The Shop Around the Corner,1940,Original
